OA11CD,LSOA11CD,supgrpcode,supgrpname,Total_Population
E00069517,E01013785,6,Suburbanites,313
E00069514,E01013784,2,Cosmopolitans,323
E00169516,E01013713,4,Multicultural Metropolitans,341
E00169048,E01032862,4,Multicultural Metropolitans,345
E00169044,E01032862,4,Multicultural Metropolitans,322
E00069041,E01013679,4,Multicultural Metropolitans,334
E00169049,E01032862,4,Multicultural Metropolitans,336
E00068806,E01013628,4,Multicultural Metropolitans,312
E00068886,E01013647,3,Ethnicity Central,505
E00068807,E01013624,4,Multicultural Metropolitans,362
E00068883,E01013643,4,Multicultural Metropolitans,287
E00068802,E01013630,4,Multicultural Metropolitans,477
E00068882,E01013643,2,Cosmopolitans,285
E00068803,E01013630,4,Multicultural Metropolitans,463
E00069029,E01013677,7,Constrained City Dwellers,307
E00069006,E01013668,4,Multicultural Metropolitans,363
E00069087,E01013684,4,Multicultural Metropolitans,309
E00069004,E01013670,4,Multicultural Metropolitans,411
E00069085,E01013684,4,Multicultural Metropolitans,299
E00169461,E01032873,2,Cosmopolitans,229
E00169464,E01013659,4,Multicultural Metropolitans,393
E00168107,E01013659,4,Multicultural Metropolitans,133
E00069213,E01013712,4,Multicultural Metropolitans,201
E00169553,E01013648,2,Cosmopolitans,714
E00169527,E01032867,3,Ethnicity Central,252
E00169555,E01032863,4,Multicultural Metropolitans,376
E00069464,E01013772,8,Hard-Pressed Living,286
E00169460,E01032872,2,Cosmopolitans,252
E00069468,E01013767,6,Suburbanites,251
E00169469,E01013680,4,Multicultural Metropolitans,302
E00068757,E01013616,5,Urbanites,239
E00068666,E01013601,4,Multicultural Metropolitans,324
E00068664,E01013602,4,Multicultural Metropolitans,278
E00068669,E01013602,4,Multicultural Metropolitans,343
E00068946,E01013654,3,Ethnicity Central,257
E00068947,E01013658,4,Multicultural Metropolitans,402
E00068945,E01013656,4,Multicultural Metropolitans,417
E00068943,E01013655,4,Multicultural Metropolitans,434
E00068940,E01013653,4,Multicultural Metropolitans,352
E00068941,E01013655,4,Multicultural Metropolitans,403
E00068949,E01013658,4,Multicultural Metropolitans,520
E00069192,E01013706,5,Urbanites,346
E00069190,E01013705,4,Multicultural Metropolitans,347
E00069111,E01013693,8,Hard-Pressed Living,353
E00069024,E01013675,8,Hard-Pressed Living,217
E00069377,E01013747,4,Multicultural Metropolitans,392
E00069371,E01013746,3,Ethnicity Central,303
E00069379,E01013747,4,Multicultural Metropolitans,343
E00069215,E01013715,4,Multicultural Metropolitans,400
E00069294,E01013725,8,Hard-Pressed Living,332
E00069291,E01013726,7,Constrained City Dwellers,162
E00069210,E01013711,5,Urbanites,268
E00069528,E01013785,6,Suburbanites,270
E00068678,E01013601,8,Hard-Pressed Living,319
E00169472,E01013730,7,Constrained City Dwellers,160
E00069477,E01013768,4,Multicultural Metropolitans,330
E00069475,E01013773,7,Constrained City Dwellers,204
E00169471,E01013730,8,Hard-Pressed Living,327
E00068729,E01013608,5,Urbanites,318
E00068673,E01013603,4,Multicultural Metropolitans,289
E00068671,E01013603,4,Multicultural Metropolitans,279
E00068679,E01013603,4,Multicultural Metropolitans,261
E00068952,E01013661,4,Multicultural Metropolitans,319
E00068867,E01032875,2,Cosmopolitans,220
E00068866,E01013646,3,Ethnicity Central,353
E00068861,E01013640,4,Multicultural Metropolitans,415
E00068869,E01013646,2,Cosmopolitans,319
E00069036,E01013676,8,Hard-Pressed Living,242
E00069033,E01013674,8,Hard-Pressed Living,237
E00069030,E01013679,4,Multicultural Metropolitans,487
E00069031,E01013679,4,Multicultural Metropolitans,375
E00169449,E01013751,4,Multicultural Metropolitans,440
E00069349,E01013755,3,Ethnicity Central,514
E00069536,E01013781,4,Multicultural Metropolitans,374
E00069537,E01013780,5,Urbanites,301
E00069535,E01013782,2,Cosmopolitans,321
E00169531,E01013716,4,Multicultural Metropolitans,303
E00169537,E01013623,4,Multicultural Metropolitans,325
E00069533,E01013786,4,Multicultural Metropolitans,280
E00069530,E01013786,5,Urbanites,306
E00169539,E01013617,4,Multicultural Metropolitans,375
E00069538,E01013783,6,Suburbanites,307
E00069446,E01013761,4,Multicultural Metropolitans,363
E00069447,E01013763,4,Multicultural Metropolitans,503
E00069444,E01013761,4,Multicultural Metropolitans,468
E00069445,E01013762,4,Multicultural Metropolitans,330
E00069442,E01013760,3,Ethnicity Central,578
E00069443,E01013760,4,Multicultural Metropolitans,481
E00169447,E01013649,2,Cosmopolitans,235
E00068730,E01013610,7,Constrained City Dwellers,263
E00068733,E01013611,7,Constrained City Dwellers,216
E00068738,E01013612,5,Urbanites,289
E00069165,E01013704,5,Urbanites,530
E00168101,E01013676,8,Hard-Pressed Living,191
E00068924,E01013654,4,Multicultural Metropolitans,294
E00068922,E01013652,4,Multicultural Metropolitans,376
E00168105,E01013659,4,Multicultural Metropolitans,356
E00068929,E01013652,4,Multicultural Metropolitans,477
E00168108,E01013659,4,Multicultural Metropolitans,424
E00068870,E01032875,2,Cosmopolitans,303
E00068876,E01013650,2,Cosmopolitans,255
E00068874,E01013650,2,Cosmopolitans,332
E00069177,E01013709,4,Multicultural Metropolitans,401
E00069174,E01013707,6,Suburbanites,321
E00069175,E01013709,4,Multicultural Metropolitans,416
E00069173,E01013709,4,Multicultural Metropolitans,404
E00069170,E01013707,6,Suburbanites,353
E00069171,E01013705,6,Suburbanites,351
E00069179,E01013711,2,Cosmopolitans,345
E00068713,E01013608,6,Suburbanites,265
E00068714,E01013612,5,Urbanites,316
E00068795,E01013629,4,Multicultural Metropolitans,447
E00068792,E01013629,4,Multicultural Metropolitans,313
E00068718,E01013610,5,Urbanites,319
E00068799,E01013625,4,Multicultural Metropolitans,401
E00069338,E01013741,4,Multicultural Metropolitans,327
E00069339,E01013741,4,Multicultural Metropolitans,355
E00069077,E01013680,4,Multicultural Metropolitans,289
E00069073,E01013680,4,Multicultural Metropolitans,453
E00069071,E01013685,5,Urbanites,233
E00068834,E01013631,4,Multicultural Metropolitans,400
E00069466,E01013772,4,Multicultural Metropolitans,316
E00069467,E01013767,4,Multicultural Metropolitans,383
E00169463,E01032863,4,Multicultural Metropolitans,408
E00069465,E01013773,4,Multicultural Metropolitans,370
E00169466,E01013778,2,Cosmopolitans,500
E00069462,E01013773,4,Multicultural Metropolitans,311
E00069460,E01013770,4,Multicultural Metropolitans,349
E00169467,E01013725,4,Multicultural Metropolitans,415
E00069463,E01013771,4,Multicultural Metropolitans,412
E00069461,E01013772,8,Hard-Pressed Living,333
E00069005,E01013669,6,Suburbanites,391
E00069084,E01013682,4,Multicultural Metropolitans,273
E00069002,E01013670,4,Multicultural Metropolitans,357
E00069083,E01013683,4,Multicultural Metropolitans,289
E00069356,E01013745,4,Multicultural Metropolitans,471
E00069357,E01013746,3,Ethnicity Central,548
E00069358,E01013745,4,Multicultural Metropolitans,457
E00069261,E01013731,4,Multicultural Metropolitans,366
E00069268,E01013727,8,Hard-Pressed Living,378
E00169505,E01032867,2,Cosmopolitans,224
E00169503,E01013607,4,Multicultural Metropolitans,365
E00069500,E01013775,4,Multicultural Metropolitans,313
E00169452,E01013683,4,Multicultural Metropolitans,246
E00069456,E01013770,4,Multicultural Metropolitans,285
E00069452,E01013767,8,Hard-Pressed Living,263
E00069450,E01013773,4,Multicultural Metropolitans,319
E00169455,E01032868,2,Cosmopolitans,281
E00069459,E01032597,4,Multicultural Metropolitans,249
E00068707,E01013613,4,Multicultural Metropolitans,309
E00068704,E01013610,5,Urbanites,264
E00068786,E01013626,4,Multicultural Metropolitans,439
E00068785,E01013625,4,Multicultural Metropolitans,399
E00068700,E01013602,4,Multicultural Metropolitans,305
E00068781,E01013621,4,Multicultural Metropolitans,299
E00068709,E01013613,4,Multicultural Metropolitans,315
E00068788,E01013626,4,Multicultural Metropolitans,462
E00068657,E01013604,8,Hard-Pressed Living,413
E00068658,E01013605,4,Multicultural Metropolitans,359
E00068659,E01013605,4,Multicultural Metropolitans,334
E00068934,E01013651,4,Multicultural Metropolitans,304
E00068935,E01013653,4,Multicultural Metropolitans,455
E00068932,E01013651,4,Multicultural Metropolitans,366
E00068933,E01013651,4,Multicultural Metropolitans,371
E00068841,E01013636,4,Multicultural Metropolitans,328
E00068849,E01013637,8,Hard-Pressed Living,340
E00069014,E01013666,6,Suburbanites,316
E00069095,E01013688,4,Multicultural Metropolitans,304
E00069093,E01013692,4,Multicultural Metropolitans,339
E00069012,E01013671,4,Multicultural Metropolitans,286
E00069092,E01013691,8,Hard-Pressed Living,313
E00069090,E01013684,4,Multicultural Metropolitans,320
E00069013,E01013671,4,Multicultural Metropolitans,555
E00069010,E01013670,4,Multicultural Metropolitans,348
E00069011,E01013671,4,Multicultural Metropolitans,564
E00069329,E01013740,4,Multicultural Metropolitans,413
E00069276,E01013731,8,Hard-Pressed Living,359
E00069270,E01013729,8,Hard-Pressed Living,306
E00069424,E01013764,4,Multicultural Metropolitans,415
E00069421,E01013766,4,Multicultural Metropolitans,438
E00069429,E01013766,4,Multicultural Metropolitans,487
E00068798,E01013628,4,Multicultural Metropolitans,317
E00068719,E01013609,5,Urbanites,276
E00069146,E01013695,8,Hard-Pressed Living,241
E00068980,E01013662,4,Multicultural Metropolitans,321
E00068989,E01013672,6,Suburbanites,354
E00068857,E01013640,8,Hard-Pressed Living,375
E00068854,E01013638,8,Hard-Pressed Living,361
E00068855,E01013641,4,Multicultural Metropolitans,274
E00068850,E01013638,7,Constrained City Dwellers,321
E00068859,E01013638,8,Hard-Pressed Living,346
E00069546,E01013783,5,Urbanites,332
E00169542,E01013617,4,Multicultural Metropolitans,265
E00069542,E01013783,4,Multicultural Metropolitans,277
E00069540,E01013785,5,Urbanites,401
E00069541,E01013782,4,Multicultural Metropolitans,319
E00069021,E01013679,4,Multicultural Metropolitans,363
E00069028,E01013677,8,Hard-Pressed Living,233
E00169055,E01013696,4,Multicultural Metropolitans,341
E00069333,E01013738,4,Multicultural Metropolitans,429
E00069331,E01013741,4,Multicultural Metropolitans,363
E00169444,E01013647,2,Cosmopolitans,390
E00069246,E01013722,4,Multicultural Metropolitans,486
E00069244,E01013717,4,Multicultural Metropolitans,214
E00069438,E01013756,4,Multicultural Metropolitans,343
E00069437,E01013759,4,Multicultural Metropolitans,480
E00069434,E01013757,4,Multicultural Metropolitans,319
E00069430,E01013756,4,Multicultural Metropolitans,316
E00069432,E01013756,4,Multicultural Metropolitans,412
E00069431,E01013765,4,Multicultural Metropolitans,422
E00069153,E01013700,4,Multicultural Metropolitans,291
E00068917,E01013654,4,Multicultural Metropolitans,450
E00068996,E01013667,4,Multicultural Metropolitans,334
E00068915,E01013655,4,Multicultural Metropolitans,320
E00068994,E01013672,6,Suburbanites,375
E00068911,E01013647,3,Ethnicity Central,315
E00068990,E01013667,4,Multicultural Metropolitans,361
E00069065,E01013686,6,Suburbanites,346
E00068826,E01013641,4,Multicultural Metropolitans,330
E00068827,E01013632,8,Hard-Pressed Living,307
E00068823,E01013641,4,Multicultural Metropolitans,270
E00068820,E01013635,4,Multicultural Metropolitans,411
E00069372,E01013746,3,Ethnicity Central,353
E00069307,E01013738,6,Suburbanites,347
E00069386,E01013752,4,Multicultural Metropolitans,270
E00069303,E01013739,4,Multicultural Metropolitans,623
E00069382,E01013748,3,Ethnicity Central,126
E00069309,E01013732,4,Multicultural Metropolitans,379
E00069388,E01013747,4,Multicultural Metropolitans,351
E00069253,E01013728,4,Multicultural Metropolitans,294
E00069256,E01013728,8,Hard-Pressed Living,333
E00069250,E01013726,7,Constrained City Dwellers,268
E00069259,E01013730,7,Constrained City Dwellers,221
E00169483,E01032872,2,Cosmopolitans,295
E00069487,E01013779,2,Cosmopolitans,347
E00169481,E01032875,2,Cosmopolitans,542
E00069484,E01013775,4,Multicultural Metropolitans,324
E00069405,E01013761,4,Multicultural Metropolitans,409
E00069400,E01013743,4,Multicultural Metropolitans,322
E00069481,E01013779,2,Cosmopolitans,357
E00169489,E01032867,2,Cosmopolitans,178
E00169488,E01032868,2,Cosmopolitans,413
E00069408,E01013758,4,Multicultural Metropolitans,462
E00069489,E01013774,4,Multicultural Metropolitans,292
E00068770,E01013620,4,Multicultural Metropolitans,387
E00068765,E01013619,4,Multicultural Metropolitans,262
E00068766,E01013619,3,Ethnicity Central,389
E00068768,E01013619,4,Multicultural Metropolitans,373
E00068686,E01013605,4,Multicultural Metropolitans,374
E00068684,E01013606,4,Multicultural Metropolitans,273
E00068681,E01013603,4,Multicultural Metropolitans,281
E00068688,E01013606,4,Multicultural Metropolitans,334
E00069125,E01013696,4,Multicultural Metropolitans,341
E00069128,E01013699,4,Multicultural Metropolitans,398
E00168094,E01013646,2,Cosmopolitans,141
E00069395,E01013755,3,Ethnicity Central,471
E00069314,E01013735,6,Suburbanites,259
E00069315,E01013735,6,Suburbanites,312
E00069394,E01013754,3,Ethnicity Central,383
E00069318,E01013736,6,Suburbanites,311
E00069399,E01013743,4,Multicultural Metropolitans,422
E00069225,E01013716,4,Multicultural Metropolitans,327
E00069414,E01013756,4,Multicultural Metropolitans,436
E00069495,E01013776,3,Ethnicity Central,209
E00069412,E01013765,4,Multicultural Metropolitans,479
E00069493,E01013776,2,Cosmopolitans,362
E00069490,E01013776,4,Multicultural Metropolitans,375
E00069411,E01013765,4,Multicultural Metropolitans,405
E00069418,E01013759,4,Multicultural Metropolitans,477
E00069499,E01013777,4,Multicultural Metropolitans,267
E00069419,E01013758,4,Multicultural Metropolitans,427
E00069498,E01013777,4,Multicultural Metropolitans,292
E00068774,E01013621,4,Multicultural Metropolitans,545
E00068776,E01013620,4,Multicultural Metropolitans,270
E00068691,E01013606,4,Multicultural Metropolitans,241
E00068690,E01013605,4,Multicultural Metropolitans,387
E00068699,E01013600,4,Multicultural Metropolitans,292
E00068966,E01013658,4,Multicultural Metropolitans,403
E00068963,E01013658,4,Multicultural Metropolitans,545
E00068960,E01013663,4,Multicultural Metropolitans,283
E00068969,E01013660,4,Multicultural Metropolitans,304
E00069136,E01013696,6,Suburbanites,395
E00069139,E01013695,4,Multicultural Metropolitans,317
E00069046,E01013674,8,Hard-Pressed Living,329
E00069045,E01013675,8,Hard-Pressed Living,249
E00068880,E01013642,2,Cosmopolitans,292
E00068801,E01013625,4,Multicultural Metropolitans,331
E00069231,E01013720,4,Multicultural Metropolitans,304
E00069234,E01013720,4,Multicultural Metropolitans,212
E00069230,E01013718,4,Multicultural Metropolitans,369
E00069238,E01013714,4,Multicultural Metropolitans,399
E00068744,E01013615,5,Urbanites,416
E00068740,E01013622,4,Multicultural Metropolitans,348
E00068977,E01013663,4,Multicultural Metropolitans,347
E00068972,E01013659,4,Multicultural Metropolitans,359
E00069109,E01013693,8,Hard-Pressed Living,371
E00069188,E01013703,4,Multicultural Metropolitans,299
E00069052,E01013674,8,Hard-Pressed Living,293
E00165826,E01032599,6,Suburbanites,269
E00165827,E01032599,6,Suburbanites,345
E00068897,E01013650,2,Cosmopolitans,308
E00068814,E01013639,4,Multicultural Metropolitans,319
E00068816,E01013638,8,Hard-Pressed Living,401
E00068895,E01013642,2,Cosmopolitans,257
E00068810,E01013624,4,Multicultural Metropolitans,340
E00068891,E01013642,2,Cosmopolitans,269
E00069368,E01013744,4,Multicultural Metropolitans,394
E00069284,E01013723,7,Constrained City Dwellers,332
E00069287,E01013726,7,Constrained City Dwellers,357
E00069206,E01013710,2,Cosmopolitans,256
E00069204,E01032599,4,Multicultural Metropolitans,299
E00069285,E01013723,4,Multicultural Metropolitans,375
E00069205,E01013710,4,Multicultural Metropolitans,400
E00069289,E01013723,4,Multicultural Metropolitans,349
E00069208,E01013702,5,Urbanites,311
E00169550,E01013648,3,Ethnicity Central,221
E00169551,E01013778,2,Cosmopolitans,236
E00169556,E01032865,4,Multicultural Metropolitans,444
E00169558,E01032863,4,Multicultural Metropolitans,358
E00169559,E01032862,4,Multicultural Metropolitans,375
E00068756,E01013616,4,Multicultural Metropolitans,285
E00069469,E01013770,4,Multicultural Metropolitans,362
E00068755,E01013618,4,Multicultural Metropolitans,297
E00068754,E01013616,4,Multicultural Metropolitans,276
E00068752,E01013616,5,Urbanites,261
E00068753,E01013615,6,Suburbanites,268
E00068750,E01013616,5,Urbanites,260
E00068751,E01013618,5,Urbanites,341
E00068758,E01013618,4,Multicultural Metropolitans,275
E00068759,E01013617,4,Multicultural Metropolitans,231
E00068667,E01013601,4,Multicultural Metropolitans,288
E00068665,E01013600,4,Multicultural Metropolitans,382
E00068662,E01013606,4,Multicultural Metropolitans,338
E00068663,E01013607,4,Multicultural Metropolitans,359
E00068660,E01013606,4,Multicultural Metropolitans,280
E00068661,E01013605,4,Multicultural Metropolitans,320
E00068668,E01013600,4,Multicultural Metropolitans,341
E00068944,E01013654,4,Multicultural Metropolitans,491
E00068942,E01013655,4,Multicultural Metropolitans,399
E00068948,E01013660,4,Multicultural Metropolitans,503
E00069197,E01013706,6,Suburbanites,330
E00069116,E01013689,4,Multicultural Metropolitans,305
E00069117,E01013687,4,Multicultural Metropolitans,346
E00069196,E01013706,5,Urbanites,309
E00069296,E01013726,3,Ethnicity Central,298
E00069195,E01013705,4,Multicultural Metropolitans,306
E00069114,E01013687,2,Cosmopolitans,314
E00069194,E01013705,3,Ethnicity Central,259
E00069115,E01013688,4,Multicultural Metropolitans,311
E00069112,E01013688,4,Multicultural Metropolitans,305
E00069193,E01013707,4,Multicultural Metropolitans,355
E00069191,E01013704,5,Urbanites,242
E00069110,E01013692,8,Hard-Pressed Living,378
E00069118,E01013690,4,Multicultural Metropolitans,267
E00069199,E01013707,6,Suburbanites,281
E00069198,E01013703,6,Suburbanites,342
E00069119,E01013688,4,Multicultural Metropolitans,249
E00069026,E01013674,8,Hard-Pressed Living,346
E00069027,E01013676,8,Hard-Pressed Living,439
E00165830,E01032602,7,Constrained City Dwellers,295
E00069022,E01013678,6,Suburbanites,383
E00069023,E01013675,8,Hard-Pressed Living,286
E00069020,E01013673,8,Hard-Pressed Living,377
E00169520,E01013713,4,Multicultural Metropolitans,444
E00069398,E01013755,3,Ethnicity Central,484
E00069370,E01013742,4,Multicultural Metropolitans,573
E00069376,E01013750,4,Multicultural Metropolitans,433
E00069374,E01013748,3,Ethnicity Central,361
E00069375,E01013751,4,Multicultural Metropolitans,541
E00069373,E01013744,4,Multicultural Metropolitans,420
E00069378,E01013751,4,Multicultural Metropolitans,538
E00069216,E01013715,4,Multicultural Metropolitans,586
E00069297,E01032602,8,Hard-Pressed Living,368
E00069295,E01013728,8,Hard-Pressed Living,309
E00069212,E01013711,5,Urbanites,281
E00069290,E01013726,7,Constrained City Dwellers,274
E00069211,E01013711,2,Cosmopolitans,375
E00069218,E01013717,4,Multicultural Metropolitans,234
E00069299,E01013725,4,Multicultural Metropolitans,351
E00069298,E01013725,8,Hard-Pressed Living,302
E00169522,E01013714,4,Multicultural Metropolitans,369
E00169525,E01013713,4,Multicultural Metropolitans,181
E00069526,E01013784,4,Multicultural Metropolitans,316
E00169523,E01013714,4,Multicultural Metropolitans,345
E00069521,E01013781,2,Cosmopolitans,353
E00069527,E01013785,6,Suburbanites,266
E00069524,E01013784,4,Multicultural Metropolitans,411
E00069525,E01013784,4,Multicultural Metropolitans,317
E00069522,E01013782,2,Cosmopolitans,302
E00069523,E01013783,5,Urbanites,357
E00069520,E01013781,2,Cosmopolitans,412
E00169528,E01032872,3,Ethnicity Central,119
E00069529,E01013786,4,Multicultural Metropolitans,266
E00069476,E01013771,4,Multicultural Metropolitans,388
E00069474,E01013771,4,Multicultural Metropolitans,423
E00069472,E01013768,8,Hard-Pressed Living,198
E00169477,E01013745,4,Multicultural Metropolitans,415
E00069473,E01013771,4,Multicultural Metropolitans,381
E00069470,E01013770,4,Multicultural Metropolitans,394
E00169474,E01013680,4,Multicultural Metropolitans,364
E00069471,E01013768,8,Hard-Pressed Living,225
E00169475,E01013714,4,Multicultural Metropolitans,365
E00169478,E01013744,4,Multicultural Metropolitans,395
E00069478,E01032597,8,Hard-Pressed Living,259
E00069479,E01013772,8,Hard-Pressed Living,330
E00068956,E01013663,4,Multicultural Metropolitans,411
E00068957,E01013664,4,Multicultural Metropolitans,320
E00068954,E01013663,4,Multicultural Metropolitans,409
E00068953,E01013661,4,Multicultural Metropolitans,442
E00068846,E01013637,7,Constrained City Dwellers,244
E00068847,E01013640,4,Multicultural Metropolitans,394
E00068844,E01013634,8,Hard-Pressed Living,303
E00068845,E01013636,6,Suburbanites,343
E00069397,E01013754,3,Ethnicity Central,536
E00069316,E01013736,4,Multicultural Metropolitans,228
E00069317,E01013737,4,Multicultural Metropolitans,325
E00069312,E01013732,4,Multicultural Metropolitans,317
E00069393,E01013754,3,Ethnicity Central,591
E00069313,E01013734,4,Multicultural Metropolitans,513
E00069392,E01013754,3,Ethnicity Central,549
E00069310,E01013732,4,Multicultural Metropolitans,335
E00069391,E01013752,4,Multicultural Metropolitans,356
E00069410,E01013763,3,Ethnicity Central,301
E00169495,E01013607,3,Ethnicity Central,255
E00069311,E01013732,4,Multicultural Metropolitans,404
E00069390,E01013753,4,Multicultural Metropolitans,409
E00069319,E01013737,4,Multicultural Metropolitans,281
E00169499,E01013607,2,Cosmopolitans,191
E00069496,E01013775,4,Multicultural Metropolitans,314
E00069417,E01013757,4,Multicultural Metropolitans,491
E00169492,E01013660,4,Multicultural Metropolitans,321
E00169491,E01032872,2,Cosmopolitans,189
E00069415,E01013758,4,Multicultural Metropolitans,380
E00069494,E01013776,2,Cosmopolitans,364
E00169497,E01013607,2,Cosmopolitans,203
E00069413,E01013765,4,Multicultural Metropolitans,392
E00069492,E01013774,4,Multicultural Metropolitans,325
E00169494,E01013660,4,Multicultural Metropolitans,509
E00068726,E01013609,6,Suburbanites,300
E00068727,E01013610,8,Hard-Pressed Living,296
E00068724,E01013608,6,Suburbanites,276
E00068725,E01013608,5,Urbanites,351
E00068722,E01013610,6,Suburbanites,300
E00068723,E01013609,5,Urbanites,220
E00068721,E01013609,5,Urbanites,291
E00068720,E01013614,5,Urbanites,325
E00068728,E01013610,8,Hard-Pressed Living,257
E00068734,E01013611,4,Multicultural Metropolitans,315
E00068676,E01013603,3,Ethnicity Central,386
E00068677,E01013604,7,Constrained City Dwellers,230
E00068674,E01013602,8,Hard-Pressed Living,294
E00068675,E01013601,4,Multicultural Metropolitans,410
E00068672,E01013601,4,Multicultural Metropolitans,343
E00068670,E01013602,8,Hard-Pressed Living,336
E00068950,E01013665,4,Multicultural Metropolitans,316
E00068958,E01013662,4,Multicultural Metropolitans,555
E00068959,E01013661,4,Multicultural Metropolitans,332
E00068864,E01013640,8,Hard-Pressed Living,410
E00068865,E01013641,4,Multicultural Metropolitans,337
E00068862,E01013639,4,Multicultural Metropolitans,357
E00068863,E01013641,4,Multicultural Metropolitans,398
E00068860,E01013632,8,Hard-Pressed Living,374
E00069037,E01013677,7,Constrained City Dwellers,233
E00069034,E01013676,7,Constrained City Dwellers,280
E00069035,E01013677,7,Constrained City Dwellers,233
E00069032,E01013676,8,Hard-Pressed Living,388
E00169037,E01013744,4,Multicultural Metropolitans,380
E00169038,E01013745,4,Multicultural Metropolitans,337
E00069038,E01013677,8,Hard-Pressed Living,306
E00069039,E01013677,8,Hard-Pressed Living,222
E00069346,E01013752,4,Multicultural Metropolitans,452
E00069341,E01013741,4,Multicultural Metropolitans,337
E00069347,E01013753,4,Multicultural Metropolitans,460
E00069344,E01013747,4,Multicultural Metropolitans,385
E00069345,E01013753,4,Multicultural Metropolitans,571
E00069342,E01013732,4,Multicultural Metropolitans,251
E00069343,E01013732,4,Multicultural Metropolitans,421
E00069340,E01013740,4,Multicultural Metropolitans,401
E00069348,E01013747,4,Multicultural Metropolitans,434
E00068925,E01013654,3,Ethnicity Central,242
E00169530,E01032867,3,Ethnicity Central,103
E00169536,E01032873,2,Cosmopolitans,237
E00169533,E01032872,2,Cosmopolitans,201
E00069534,E01013781,3,Ethnicity Central,235
E00069532,E01013780,4,Multicultural Metropolitans,216
E00169534,E01032873,3,Ethnicity Central,184
E00069531,E01013786,5,Urbanites,336
E00069539,E01013780,5,Urbanites,256
E00169446,E01013646,2,Cosmopolitans,586
E00069440,E01013757,4,Multicultural Metropolitans,400
E00069441,E01013757,4,Multicultural Metropolitans,454
E00069448,E01013768,8,Hard-Pressed Living,386
E00069449,E01013773,8,Hard-Pressed Living,276
E00068736,E01013612,5,Urbanites,266
E00068737,E01013613,5,Urbanites,236
E00068735,E01013613,4,Multicultural Metropolitans,237
E00068732,E01013611,6,Suburbanites,368
E00068731,E01013611,6,Suburbanites,342
E00068739,E01013623,4,Multicultural Metropolitans,346
E00069166,E01013704,6,Suburbanites,329
E00069167,E01013704,5,Urbanites,335
E00069164,E01013712,4,Multicultural Metropolitans,521
E00069162,E01013711,4,Multicultural Metropolitans,356
E00069163,E01013712,5,Urbanites,285
E00069168,E01013703,6,Suburbanites,347
E00068926,E01013656,4,Multicultural Metropolitans,421
E00069169,E01013706,6,Suburbanites,392
E00068927,E01013657,4,Multicultural Metropolitans,449
E00068928,E01013657,4,Multicultural Metropolitans,449
E00068920,E01013657,4,Multicultural Metropolitans,468
E00068923,E01013657,4,Multicultural Metropolitans,453
E00068921,E01013652,4,Multicultural Metropolitans,448
E00168102,E01013676,5,Urbanites,264
E00168104,E01013762,4,Multicultural Metropolitans,391
E00068877,E01013650,2,Cosmopolitans,277
E00169513,E01013681,4,Multicultural Metropolitans,245
E00068875,E01013650,2,Cosmopolitans,350
E00068873,E01013642,2,Cosmopolitans,352
E00068878,E01013643,2,Cosmopolitans,313
E00068879,E01013642,2,Cosmopolitans,351
E00069007,E01013669,4,Multicultural Metropolitans,324
E00069086,E01013684,4,Multicultural Metropolitans,313
E00069082,E01013682,4,Multicultural Metropolitans,250
E00069003,E01013669,4,Multicultural Metropolitans,369
E00069081,E01013682,4,Multicultural Metropolitans,194
E00069000,E01013668,3,Ethnicity Central,192
E00069080,E01013682,4,Multicultural Metropolitans,243
E00069001,E01013668,4,Multicultural Metropolitans,320
E00069008,E01013669,6,Suburbanites,345
E00069088,E01013684,4,Multicultural Metropolitans,300
E00069009,E01013670,6,Suburbanites,287
E00069350,E01013746,4,Multicultural Metropolitans,343
E00069355,E01013743,4,Multicultural Metropolitans,495
E00069352,E01013743,4,Multicultural Metropolitans,406
E00069353,E01013742,4,Multicultural Metropolitans,548
E00069351,E01013742,4,Multicultural Metropolitans,373
E00069359,E01013744,4,Multicultural Metropolitans,394
E00069260,E01013730,7,Constrained City Dwellers,251
E00069266,E01013728,8,Hard-Pressed Living,254
E00069267,E01013727,7,Constrained City Dwellers,164
E00069264,E01013729,5,Urbanites,387
E00069263,E01013729,6,Suburbanites,297
E00069265,E01013727,8,Hard-Pressed Living,305
E00069269,E01013730,7,Constrained City Dwellers,179
E00069506,E01013779,4,Multicultural Metropolitans,333
E00169502,E01013607,2,Cosmopolitans,212
E00069507,E01013774,4,Multicultural Metropolitans,354
E00169500,E01032867,2,Cosmopolitans,198
E00069505,E01013778,4,Multicultural Metropolitans,321
E00069502,E01013777,4,Multicultural Metropolitans,249
E00169506,E01013755,3,Ethnicity Central,521
E00069503,E01013778,3,Ethnicity Central,225
E00069501,E01013777,4,Multicultural Metropolitans,190
E00169508,E01013684,4,Multicultural Metropolitans,420
E00169509,E01013683,4,Multicultural Metropolitans,273
E00069508,E01013779,4,Multicultural Metropolitans,314
E00069509,E01013779,2,Cosmopolitans,257
E00169453,E01032867,3,Ethnicity Central,223
E00069457,E01032597,8,Hard-Pressed Living,294
E00169450,E01013697,4,Multicultural Metropolitans,321
E00069454,E01013768,4,Multicultural Metropolitans,405
E00069453,E01013767,4,Multicultural Metropolitans,320
E00169457,E01032868,2,Cosmopolitans,202
E00069451,E01013767,4,Multicultural Metropolitans,320
E00169458,E01032867,2,Cosmopolitans,622
E00069458,E01032597,4,Multicultural Metropolitans,390
E00068706,E01013611,4,Multicultural Metropolitans,340
E00068787,E01013627,4,Multicultural Metropolitans,417
E00068705,E01013608,5,Urbanites,337
E00068784,E01013630,4,Multicultural Metropolitans,450
E00068702,E01013613,8,Hard-Pressed Living,248
E00068703,E01013609,7,Constrained City Dwellers,259
E00068783,E01013621,4,Multicultural Metropolitans,313
E00068782,E01013622,3,Ethnicity Central,337
E00068701,E01013614,5,Urbanites,316
E00068780,E01013623,4,Multicultural Metropolitans,324
E00068708,E01013613,4,Multicultural Metropolitans,301
E00068789,E01013624,4,Multicultural Metropolitans,335
E00068939,E01013653,4,Multicultural Metropolitans,342
E00069172,E01013707,6,Suburbanites,288
E00068937,E01013653,4,Multicultural Metropolitans,387
E00168110,E01013659,4,Multicultural Metropolitans,343
E00069178,E01013710,2,Cosmopolitans,191
E00068936,E01013654,4,Multicultural Metropolitans,465
E00068930,E01013652,4,Multicultural Metropolitans,490
E00068931,E01013651,4,Multicultural Metropolitans,362
E00068938,E01013653,4,Multicultural Metropolitans,363
E00068842,E01013634,8,Hard-Pressed Living,241
E00068843,E01013636,4,Multicultural Metropolitans,331
E00068840,E01013634,4,Multicultural Metropolitans,283
E00068848,E01013637,7,Constrained City Dwellers,254
E00069016,E01013673,8,Hard-Pressed Living,297
E00069097,E01013687,4,Multicultural Metropolitans,297
E00069096,E01013688,4,Multicultural Metropolitans,281
E00069017,E01013678,8,Hard-Pressed Living,305
E00069015,E01013666,6,Suburbanites,330
E00069094,E01013687,4,Multicultural Metropolitans,338
E00069099,E01013691,7,Constrained City Dwellers,325
E00069018,E01013678,8,Hard-Pressed Living,354
E00069098,E01013690,4,Multicultural Metropolitans,321
E00069019,E01013673,8,Hard-Pressed Living,304
E00069324,E01013739,4,Multicultural Metropolitans,272
E00069326,E01013736,5,Urbanites,388
E00069327,E01013737,4,Multicultural Metropolitans,276
E00069325,E01013733,5,Urbanites,396
E00069322,E01013735,4,Multicultural Metropolitans,277
E00069323,E01013737,4,Multicultural Metropolitans,278
E00069320,E01013737,4,Multicultural Metropolitans,277
E00069321,E01013733,5,Urbanites,343
E00069328,E01013738,4,Multicultural Metropolitans,406
E00069277,E01013722,8,Hard-Pressed Living,313
E00069274,E01013730,7,Constrained City Dwellers,261
E00069275,E01013731,4,Multicultural Metropolitans,274
E00069272,E01013729,5,Urbanites,306
E00069273,E01013731,4,Multicultural Metropolitans,261
E00069271,E01013731,4,Multicultural Metropolitans,359
E00069278,E01013722,8,Hard-Pressed Living,320
E00069279,E01013721,4,Multicultural Metropolitans,329
E00069516,E01013780,5,Urbanites,377
E00169511,E01013681,4,Multicultural Metropolitans,216
E00069515,E01013785,6,Suburbanites,270
E00069512,E01013774,2,Cosmopolitans,421
E00069513,E01013782,2,Cosmopolitans,280
E00169517,E01013713,4,Multicultural Metropolitans,174
E00069511,E01013779,4,Multicultural Metropolitans,342
E00069510,E01013774,4,Multicultural Metropolitans,357
E00169514,E01013716,4,Multicultural Metropolitans,385
E00169519,E01013681,4,Multicultural Metropolitans,212
E00069518,E01013781,4,Multicultural Metropolitans,263
E00069519,E01013786,4,Multicultural Metropolitans,330
E00169565,E01013730,7,Constrained City Dwellers,175
E00069149,E01013697,2,Cosmopolitans,131
E00069426,E01013763,3,Ethnicity Central,501
E00069427,E01013764,4,Multicultural Metropolitans,380
E00069425,E01013764,4,Multicultural Metropolitans,470
E00069422,E01013762,4,Multicultural Metropolitans,481
E00069423,E01013758,4,Multicultural Metropolitans,372
E00069420,E01013762,4,Multicultural Metropolitans,396
E00069428,E01013764,4,Multicultural Metropolitans,371
E00168083,E01013649,2,Cosmopolitans,230
E00068716,E01013614,4,Multicultural Metropolitans,336
E00068797,E01013630,4,Multicultural Metropolitans,435
E00068717,E01013609,8,Hard-Pressed Living,229
E00068796,E01013629,4,Multicultural Metropolitans,372
E00068715,E01013614,5,Urbanites,271
E00068793,E01013625,4,Multicultural Metropolitans,488
E00068794,E01013628,4,Multicultural Metropolitans,335
E00068712,E01013612,5,Urbanites,284
E00068710,E01013612,5,Urbanites,387
E00068791,E01013629,4,Multicultural Metropolitans,583
E00068711,E01013614,5,Urbanites,313
E00068790,E01013627,4,Multicultural Metropolitans,483
E00169062,E01032865,4,Multicultural Metropolitans,317
E00169063,E01013696,4,Multicultural Metropolitans,387
E00069147,E01013694,4,Multicultural Metropolitans,270
E00069144,E01013695,8,Hard-Pressed Living,362
E00069145,E01013695,4,Multicultural Metropolitans,327
E00069142,E01013694,4,Multicultural Metropolitans,417
E00069143,E01013694,4,Multicultural Metropolitans,390
E00069140,E01032865,4,Multicultural Metropolitans,325
E00069141,E01013696,4,Multicultural Metropolitans,302
E00069148,E01013694,4,Multicultural Metropolitans,257
E00068987,E01013667,4,Multicultural Metropolitans,374
E00068904,E01013646,3,Ethnicity Central,433
E00068986,E01013671,4,Multicultural Metropolitans,399
E00068988,E01013667,4,Multicultural Metropolitans,232
E00068985,E01013670,6,Suburbanites,389
E00068903,E01032873,3,Ethnicity Central,293
E00068984,E01013668,4,Multicultural Metropolitans,329
E00068905,E01032873,2,Cosmopolitans,391
E00068983,E01013661,3,Ethnicity Central,348
E00068982,E01013664,4,Multicultural Metropolitans,232
E00068981,E01013664,4,Multicultural Metropolitans,380
E00068909,E01013646,3,Ethnicity Central,295
E00069232,E01013716,4,Multicultural Metropolitans,343
E00068856,E01013637,8,Hard-Pressed Living,454
E00068852,E01013637,4,Multicultural Metropolitans,323
E00068853,E01013640,4,Multicultural Metropolitans,356
E00068851,E01013638,8,Hard-Pressed Living,300
E00069336,E01013741,4,Multicultural Metropolitans,293
E00068858,E01013637,8,Hard-Pressed Living,353
E00069337,E01013738,4,Multicultural Metropolitans,366
E00069334,E01013734,4,Multicultural Metropolitans,363
E00069335,E01013740,4,Multicultural Metropolitans,334
E00069332,E01013739,4,Multicultural Metropolitans,132
E00069330,E01013740,4,Multicultural Metropolitans,365
E00069245,E01013719,4,Multicultural Metropolitans,415
E00069247,E01013721,4,Multicultural Metropolitans,284
E00069242,E01013719,4,Multicultural Metropolitans,309
E00069243,E01013717,4,Multicultural Metropolitans,225
E00069240,E01013713,4,Multicultural Metropolitans,205
E00069241,E01013714,4,Multicultural Metropolitans,246
E00069248,E01032602,4,Multicultural Metropolitans,344
E00069249,E01032602,8,Hard-Pressed Living,404
E00169548,E01013617,4,Multicultural Metropolitans,168
E00069436,E01013756,4,Multicultural Metropolitans,428
E00069435,E01013759,4,Multicultural Metropolitans,422
E00069433,E01013766,4,Multicultural Metropolitans,485
E00069439,E01013759,4,Multicultural Metropolitans,586
E00069156,E01013699,6,Suburbanites,397
E00069157,E01013699,4,Multicultural Metropolitans,273
E00069154,E01013700,8,Hard-Pressed Living,178
E00069155,E01013699,4,Multicultural Metropolitans,337
E00069152,E01013698,4,Multicultural Metropolitans,314
E00069150,E01013700,4,Multicultural Metropolitans,358
E00069151,E01013698,8,Hard-Pressed Living,309
E00069158,E01013700,5,Urbanites,352
E00068916,E01013655,4,Multicultural Metropolitans,483
E00068997,E01013672,4,Multicultural Metropolitans,341
E00069159,E01013698,5,Urbanites,294
E00068914,E01013651,4,Multicultural Metropolitans,313
E00068995,E01013666,6,Suburbanites,318
E00068912,E01013648,4,Multicultural Metropolitans,339
E00068993,E01013666,6,Suburbanites,293
E00068992,E01013668,4,Multicultural Metropolitans,377
E00068910,E01013647,3,Ethnicity Central,289
E00068991,E01013666,4,Multicultural Metropolitans,331
E00068918,E01013656,4,Multicultural Metropolitans,472
E00068999,E01013667,4,Multicultural Metropolitans,267
E00068998,E01013672,4,Multicultural Metropolitans,301
E00068919,E01013656,4,Multicultural Metropolitans,518
E00069066,E01013685,6,Suburbanites,278
E00069067,E01013686,5,Urbanites,225
E00169060,E01013697,5,Urbanites,266
E00069064,E01013685,6,Suburbanites,360
E00069063,E01013685,5,Urbanites,264
E00069060,E01013683,4,Multicultural Metropolitans,346
E00069061,E01013683,4,Multicultural Metropolitans,291
E00169065,E01013696,4,Multicultural Metropolitans,327
E00068825,E01013633,8,Hard-Pressed Living,341
E00069068,E01013686,6,Suburbanites,276
E00069069,E01013686,5,Urbanites,432
E00068824,E01013633,8,Hard-Pressed Living,391
E00068822,E01013639,8,Hard-Pressed Living,356
E00068821,E01013632,8,Hard-Pressed Living,342
E00168087,E01013775,2,Cosmopolitans,258
E00168085,E01013775,2,Cosmopolitans,292
E00068828,E01013632,8,Hard-Pressed Living,454
E00068829,E01013632,7,Constrained City Dwellers,394
E00168088,E01013775,4,Multicultural Metropolitans,351
E00069306,E01013733,5,Urbanites,388
E00069387,E01013749,4,Multicultural Metropolitans,327
E00069304,E01013734,4,Multicultural Metropolitans,608
E00069385,E01013749,4,Multicultural Metropolitans,455
E00069384,E01013753,3,Ethnicity Central,277
E00069305,E01013739,4,Multicultural Metropolitans,510
E00069302,E01013736,4,Multicultural Metropolitans,398
E00069383,E01013748,4,Multicultural Metropolitans,566
E00069300,E01013735,4,Multicultural Metropolitans,480
E00069381,E01013749,4,Multicultural Metropolitans,526
E00069301,E01013736,5,Urbanites,383
E00069380,E01013749,4,Multicultural Metropolitans,308
E00069308,E01013733,4,Multicultural Metropolitans,498
E00069389,E01013750,4,Multicultural Metropolitans,400
E00169569,E01013623,4,Multicultural Metropolitans,398
E00069257,E01013726,4,Multicultural Metropolitans,368
E00069254,E01013727,8,Hard-Pressed Living,333
E00069255,E01013728,8,Hard-Pressed Living,426
E00069251,E01013721,4,Multicultural Metropolitans,383
E00069258,E01013727,4,Multicultural Metropolitans,311
E00068967,E01013665,4,Multicultural Metropolitans,292
E00169562,E01032865,4,Multicultural Metropolitans,362
E00169561,E01032862,4,Multicultural Metropolitans,360
E00169567,E01032868,2,Cosmopolitans,573
E00169564,E01013647,2,Cosmopolitans,591
E00069485,E01013777,4,Multicultural Metropolitans,316
E00069403,E01013760,3,Ethnicity Central,400
E00069486,E01013777,4,Multicultural Metropolitans,263
E00069407,E01013760,3,Ethnicity Central,504
E00069404,E01013763,4,Multicultural Metropolitans,446
E00169480,E01032868,2,Cosmopolitans,223
E00069402,E01013761,4,Multicultural Metropolitans,382
E00069483,E01013776,4,Multicultural Metropolitans,401
E00169486,E01032872,2,Cosmopolitans,150
E00069482,E01013778,4,Multicultural Metropolitans,590
E00169485,E01013755,3,Ethnicity Central,226
E00069401,E01013761,4,Multicultural Metropolitans,478
E00069480,E01013772,4,Multicultural Metropolitans,336
E00069409,E01013763,3,Ethnicity Central,302
E00068767,E01013620,4,Multicultural Metropolitans,378
E00068764,E01013619,4,Multicultural Metropolitans,392
E00068762,E01013618,4,Multicultural Metropolitans,326
E00068761,E01013617,4,Multicultural Metropolitans,237
E00068763,E01013616,4,Multicultural Metropolitans,276
E00068760,E01013617,4,Multicultural Metropolitans,458
E00068769,E01013619,5,Urbanites,328
E00068685,E01013603,3,Ethnicity Central,225
E00068683,E01013604,4,Multicultural Metropolitans,322
E00068682,E01013604,4,Multicultural Metropolitans,399
E00068680,E01013604,8,Hard-Pressed Living,299
E00068689,E01013606,4,Multicultural Metropolitans,278
E00069126,E01013697,4,Multicultural Metropolitans,401
E00069127,E01013699,5,Urbanites,304
E00069124,E01013698,8,Hard-Pressed Living,292
E00069122,E01013689,4,Multicultural Metropolitans,294
E00069123,E01013690,4,Multicultural Metropolitans,329
E00069120,E01013687,4,Multicultural Metropolitans,278
E00069121,E01013689,4,Multicultural Metropolitans,296
E00069076,E01013681,4,Multicultural Metropolitans,313
E00069074,E01013685,5,Urbanites,341
E00069075,E01013680,4,Multicultural Metropolitans,313
E00069072,E01013686,4,Multicultural Metropolitans,571
E00068832,E01013635,4,Multicultural Metropolitans,263
E00069078,E01013682,4,Multicultural Metropolitans,294
E00068836,E01013634,8,Hard-Pressed Living,349
E00069079,E01013682,4,Multicultural Metropolitans,236
E00068830,E01013633,3,Ethnicity Central,260
E00068837,E01013634,4,Multicultural Metropolitans,357
E00168096,E01013689,2,Cosmopolitans,708
E00068835,E01013635,5,Urbanites,201
E00068833,E01013631,8,Hard-Pressed Living,345
E00068831,E01013631,8,Hard-Pressed Living,396
E00168093,E01013646,2,Cosmopolitans,301
E00168091,E01013778,2,Cosmopolitans,372
E00168090,E01013778,4,Multicultural Metropolitans,258
E00168097,E01013762,4,Multicultural Metropolitans,289
E00068838,E01013635,4,Multicultural Metropolitans,335
E00068839,E01013635,4,Multicultural Metropolitans,281
E00168099,E01013676,8,Hard-Pressed Living,167
E00069226,E01013718,4,Multicultural Metropolitans,360
E00069227,E01013719,4,Multicultural Metropolitans,403
E00069224,E01013717,4,Multicultural Metropolitans,225
E00069222,E01013718,4,Multicultural Metropolitans,407
E00069223,E01013719,4,Multicultural Metropolitans,435
E00069220,E01013717,4,Multicultural Metropolitans,493
E00069221,E01013718,4,Multicultural Metropolitans,451
E00069229,E01013720,4,Multicultural Metropolitans,390
E00069228,E01013720,4,Multicultural Metropolitans,252
E00169573,E01013697,4,Multicultural Metropolitans,386
E00169570,E01013697,4,Multicultural Metropolitans,415
E00169575,E01032875,2,Cosmopolitans,597
E00169572,E01032875,2,Cosmopolitans,241
E00069416,E01013766,4,Multicultural Metropolitans,438
E00069497,E01013775,2,Cosmopolitans,303
E00068777,E01013621,4,Multicultural Metropolitans,368
E00068775,E01013622,4,Multicultural Metropolitans,266
E00068772,E01013620,3,Ethnicity Central,315
E00068773,E01013620,4,Multicultural Metropolitans,462
E00068771,E01013622,4,Multicultural Metropolitans,381
E00068778,E01013621,4,Multicultural Metropolitans,366
E00068779,E01013622,4,Multicultural Metropolitans,303
E00068697,E01013600,8,Hard-Pressed Living,297
E00068696,E01013600,4,Multicultural Metropolitans,314
E00068695,E01013600,4,Multicultural Metropolitans,295
E00068694,E01013607,4,Multicultural Metropolitans,267
E00068693,E01013607,4,Multicultural Metropolitans,346
E00068692,E01013607,4,Multicultural Metropolitans,375
E00068698,E01013602,7,Constrained City Dwellers,290
E00068962,E01013665,3,Ethnicity Central,198
E00068964,E01013665,4,Multicultural Metropolitans,323
E00068965,E01013665,4,Multicultural Metropolitans,327
E00068968,E01013665,4,Multicultural Metropolitans,381
E00069137,E01032865,4,Multicultural Metropolitans,368
E00069134,E01013698,4,Multicultural Metropolitans,328
E00069135,E01013695,4,Multicultural Metropolitans,278
E00069133,E01013694,8,Hard-Pressed Living,313
E00069131,E01013700,6,Suburbanites,338
E00069138,E01032865,4,Multicultural Metropolitans,304
E00169043,E01013689,2,Cosmopolitans,234
E00069047,E01013675,7,Constrained City Dwellers,303
E00169040,E01013751,4,Multicultural Metropolitans,443
E00069044,E01013673,7,Constrained City Dwellers,250
E00169041,E01013660,4,Multicultural Metropolitans,177
E00069042,E01013678,8,Hard-Pressed Living,282
E00169046,E01032863,4,Multicultural Metropolitans,310
E00069043,E01013673,8,Hard-Pressed Living,329
E00069040,E01013678,7,Constrained City Dwellers,320
E00068800,E01013628,4,Multicultural Metropolitans,302
E00068889,E01013648,3,Ethnicity Central,281
E00068804,E01013625,4,Multicultural Metropolitans,245
E00069048,E01013675,8,Hard-Pressed Living,289
E00069049,E01013674,7,Constrained City Dwellers,186
E00068885,E01013648,2,Cosmopolitans,385
E00068884,E01013646,3,Ethnicity Central,332
E00068805,E01013626,4,Multicultural Metropolitans,487
E00068881,E01013643,2,Cosmopolitans,299
E00068808,E01013626,4,Multicultural Metropolitans,467
E00068809,E01013624,4,Multicultural Metropolitans,427
E00068888,E01013647,2,Cosmopolitans,414
E00069237,E01013713,4,Multicultural Metropolitans,198
E00069236,E01013715,4,Multicultural Metropolitans,328
E00069235,E01013720,7,Constrained City Dwellers,188
E00069233,E01013717,4,Multicultural Metropolitans,178
E00069239,E01013716,4,Multicultural Metropolitans,454
E00069544,E01013780,6,Suburbanites,347
E00169541,E01013617,4,Multicultural Metropolitans,407
E00069545,E01013783,6,Suburbanites,281
E00069543,E01013782,4,Multicultural Metropolitans,294
E00169547,E01013648,3,Ethnicity Central,516
E00169544,E01013617,4,Multicultural Metropolitans,407
E00169545,E01013648,4,Multicultural Metropolitans,232
E00068748,E01013615,6,Suburbanites,248
E00068970,E01013662,4,Multicultural Metropolitans,308
E00068747,E01013623,4,Multicultural Metropolitans,484
E00068745,E01013618,4,Multicultural Metropolitans,325
E00068743,E01013615,6,Suburbanites,308
E00068741,E01013623,4,Multicultural Metropolitans,286
E00068749,E01013615,5,Urbanites,286
E00068974,E01013662,4,Multicultural Metropolitans,290
E00068976,E01013664,3,Ethnicity Central,191
E00068975,E01013664,4,Multicultural Metropolitans,319
E00068973,E01013664,4,Multicultural Metropolitans,392
E00068971,E01013661,4,Multicultural Metropolitans,275
E00169057,E01013697,4,Multicultural Metropolitans,404
E00068978,E01013663,4,Multicultural Metropolitans,348
E00169054,E01013696,4,Multicultural Metropolitans,349
E00068979,E01013662,4,Multicultural Metropolitans,318
E00069106,E01013691,7,Constrained City Dwellers,316
E00069187,E01013706,5,Urbanites,251
E00069102,E01013691,4,Multicultural Metropolitans,338
E00069107,E01013692,8,Hard-Pressed Living,381
E00069186,E01013705,5,Urbanites,316
E00069104,E01013693,4,Multicultural Metropolitans,453
E00069185,E01013702,4,Multicultural Metropolitans,330
E00069105,E01013691,4,Multicultural Metropolitans,367
E00069184,E01013712,5,Urbanites,158
E00069183,E01013702,4,Multicultural Metropolitans,318
E00069182,E01013702,4,Multicultural Metropolitans,274
E00069103,E01013692,4,Multicultural Metropolitans,315
E00069100,E01013690,4,Multicultural Metropolitans,342
E00069181,E01013702,4,Multicultural Metropolitans,340
E00069101,E01013690,4,Multicultural Metropolitans,281
E00069180,E01013712,5,Urbanites,347
E00069108,E01013693,7,Constrained City Dwellers,300
E00069189,E01013703,5,Urbanites,302
E00069056,E01013682,4,Multicultural Metropolitans,297
E00169052,E01032863,4,Multicultural Metropolitans,256
E00069057,E01013683,4,Multicultural Metropolitans,384
E00169051,E01032862,4,Multicultural Metropolitans,272
E00069055,E01013681,4,Multicultural Metropolitans,443
E00069053,E01013680,4,Multicultural Metropolitans,367
E00069050,E01013675,8,Hard-Pressed Living,290
E00165824,E01032597,7,Constrained City Dwellers,248
E00069051,E01013674,8,Hard-Pressed Living,230
E00169058,E01013697,4,Multicultural Metropolitans,315
E00069058,E01013683,4,Multicultural Metropolitans,268
E00069059,E01013681,4,Multicultural Metropolitans,384
E00068896,E01013650,2,Cosmopolitans,286
E00068817,E01013633,8,Hard-Pressed Living,335
E00068815,E01013639,4,Multicultural Metropolitans,432
E00068894,E01013642,2,Cosmopolitans,300
E00068893,E01013649,2,Cosmopolitans,289
E00068812,E01013628,4,Multicultural Metropolitans,268
E00068892,E01013649,2,Cosmopolitans,297
E00068813,E01013636,6,Suburbanites,358
E00068899,E01013643,4,Multicultural Metropolitans,298
E00068811,E01013627,4,Multicultural Metropolitans,401
E00068818,E01013633,8,Hard-Pressed Living,323
E00068890,E01013649,2,Cosmopolitans,490
E00068898,E01013643,2,Cosmopolitans,362
E00068819,E01013631,8,Hard-Pressed Living,407
E00069367,E01013742,4,Multicultural Metropolitans,328
E00069364,E01013748,4,Multicultural Metropolitans,501
E00069365,E01013752,4,Multicultural Metropolitans,492
E00069362,E01013750,4,Multicultural Metropolitans,323
E00069363,E01013748,3,Ethnicity Central,463
E00069361,E01013750,4,Multicultural Metropolitans,366
E00069369,E01013746,3,Ethnicity Central,310
E00069286,E01032602,8,Hard-Pressed Living,261
E00069207,E01013710,2,Cosmopolitans,255
E00069283,E01013722,8,Hard-Pressed Living,328
E00069282,E01013721,4,Multicultural Metropolitans,258
E00069202,E01032599,4,Multicultural Metropolitans,324
E00069281,E01013723,8,Hard-Pressed Living,326
E00069200,E01013709,4,Multicultural Metropolitans,355
E00069280,E01013722,8,Hard-Pressed Living,306
E00069201,E01032599,4,Multicultural Metropolitans,342
E00069288,E01013721,8,Hard-Pressed Living,344
E00069209,E01013710,2,Cosmopolitans,307
